Part Type,Designator,Footprint,Description,Part Field 1,Part Field 2,Part Field 3
.02uF,C14,805,,*,*,*
0,R33,603,RES,*,all,*
0.01,C13,603,,*,*,*
0.1,C15,603,,*,*,*
0.1,C4,603,,*,*,*
0.1,C16,603,,*,*,*
0.1,C17,603,,*,*,*
0.01,C12,603,,*,*,*
0.1uF,C3,603,,*,*,*
0.1uF,C2,603,,*,*,*
0.1uF,C5,603,,*,*,*
0.1uF,C18,603,,*,*,*
0.1uF,C21,1206,,*,*,*
1.31K,R18,603,RES,*,all,*
3.9K,R22,603,RES,*,all,*
3.9K,R20,603,RES,*,all,*
3.9K,R19,603,RES,*,all,*
3.9K,R21,603,RES,*,all,*
4.99K,R6,603,RES,*,*,*
4.99K,R5,603,RES,*,*,*
6.8K,R17,603,RES,*,*,*
6.8K,R16,603,RES,*,*,*
10,R1,603,RES,*,*,*
10K,R10,603,RES,*,*,*
10K,R9,603,RES,*,*,*
10K,R8,603,RES,*,*,*
10K,R7,603,RES,*,*,*
10K,R11,MOLEX-03,,*,*,*
10K,R12,MOLEX-03,,*,*,*
10K,R13,MOLEX-03,,*,*,*
10uF,C11,1206,,*,*,*
33,R36,603,RES,*,all,*
33,R34,603,RES,*,all,*
33,R35,603,RES,*,all,*
33,R37,603,RES,*,all,*
33,R31,1206,RES,*,*,*
33,R32,1206,RES,*,*,*
49.9,R14,603,RES,*,all,*
49.9,R15,603,RES,*,all,*
49.9K,R3,603,RES,*,*,*
49.9K,R2,603,RES,*,*,*
49.9K,R4,603,RES,*,*,*
100uF,C19,RB.1/.25,,107RSS6R3M,CDE,*
100uF,C20,RB.1/.25,,107RSS6R3M,CDE,*
390,R26,603,RES,*,all,*
390,R29,603,RES,*,all,*
390,R24,603,RES,*,all,*
390,R30,603,RES,*,all,*
390,R25,603,RES,*,all,*
390,R23,603,RES,*,all,*
390,R28,603,RES,*,all,*
390,R27,603,RES,*,all,*
1000pF,C6,603,,*,*,*
1000pF,C10,603,,*,*,*
1000pF,C7,603,,*,*,*
1000pF,C8,603,,*,*,*
1000pF,C9,603,,*,*,*
1000uF,C1,RB.14/.32,,107RSS6R3M,CDE,*
ESD3V3AP,D4,SOT23-A,"Tranzorb Diode, Dual",*,*,*
KEYPAD,P1,IDC16,"CON, DIP, 16 POS",*,*,*
KEY PADDLES,J1,STEREO_SMD_CUI_SJ1-351,,*,*,*
LED,D2,0805-LED,"LED, SMD",*,*,*
LED,D1,0805-LED,"LED, SMD",*,*,*
LED,D3,0805-LED,"LED, SMD",*,*,*
LM4808,U3,SO8,"IC, AMP, DUAL, 105mW",*,*,*
NDS355,Q3,SOT23-A,,*,*,*
NDS355,Q1,SOT23-A,,*,*,*
NDS355,Q2,SOT23-A,,*,*,*
SIDE TONE,J3,STEREO_SMD_CUI_SJ1-351,,*,*,*
SPKR,J2,HDR1X3,"Connector, 3 pin",*,*,*
TL062,U1,SO8,,*,*,*
TLC014,U2,SO8,"IC, FILT, SWCAP, 4th ORDER",*,*,*
TM4C123GH6PM_LP,M1A,BERG_2X10,"Launchpad, TIVA, TM4C123GH6PM",*,*,*
TM4C123GH6PM_LPB,M1B,BERG_2X10,"Launchpad, TIVA, TM4C123GH6PM",*,*,*
TM4C123GH6PM_LPC,M1C,NULL,"Launchpad, TIVA, TM4C123GH6PM",*,*,*
