"Part Type","Designator","Footprint","Description","Part Field 1","Part Field 2","Part Field 3"
"107-6613","SWx2","PBSW_MS_107-6613","SW, PB 2-pin, W/LED","Mountain Switch","*","*"
"107-6613","SWx3","PBSW_MS_107-6613","SW, PB 2-pin, W/LED","Mountain Switch","*","*"
"107-6613","SWx4","PBSW_MS_107-6613","SW, PB 2-pin, W/LED","Mountain Switch","*","*"
"107-6613","SWx1","PBSW_MS_107-6613","SW, PB 2-pin, W/LED","Mountain Switch","*","*"
"390","Rx4","0603","RES","*","all","*"
"390","Rx3","0603","RES","*","all","*"
"390","Rx2","0603","RES","*","all","*"
"390","Rx1","0603","RES","*","all","*"
"KEYPAD","P1x","IDC16","CON, DIP, 16 POS","*","*","*"
"MTG","MTG4","MTG125","HOLE, MTG","*","*","*"
"MTG","MTG1","MTG125","HOLE, MTG","*","*","*"
"MTG","MTG2","MTG125","HOLE, MTG","*","*","*"
"MTG","MTG3","MTG125","HOLE, MTG","*","*","*"
"TR2-21-L5","SWx6","PBSW_TR2-21","SW, PB 4-pin, W/LED","Nidec Copal","140007480068 - caps","140007480075 - caps"
"TR2-21-L5","SWx5","PBSW_TR2-21","SW, PB 4-pin, W/LED","Nidec Copal","140007480068 - caps","140007480075 - caps"
"TR2-21-L5","SWx8","PBSW_TR2-21","SW, PB 4-pin, W/LED","Nidec Copal","140007480068 - caps","140007480075 - caps"
"TR2-21-L5","SWx7","PBSW_TR2-21","SW, PB 4-pin, W/LED","Nidec Copal","140007480068 - caps","140007480075 - caps"